SKU,Title,Vendor,Price,"Barcode (ISBN, UPC, GTIN, etc.)",Cost
"=""BMR-70443""",FESTO Air Service Unit MSB6-1/2-C4-J1-F1-V34-WPB,FESTO,276.95,"=""MSB6-1""",120.0
"=""BMR-301934""",Sealing Cone Blank GS-52,GENERIC,71.95,"=""GS-52""",48.6
"=""BMR-10016717""",Lenze 3-phase Motor M55BP100M045E0EUC 2.2kW + Inverter E84DGDVB2224PS,LENZE,374.95,"=""E84DGDVB2224PS""",241.12
"=""BMR-10026517""",Fumator (Heinz Wagner) Filter Cartridge - ø325x300,FUMATOR HEINZ WAGNER,63.95,"=""10026517""",43.2
"=""BMR-97015""",FESTO 8 bar Multi-position Cylinder DNCP-40-60/60-PV2-S2-CS,FESTO,165.95,"=""DNCP-40-60""",112.4
"=""BMR-4126833""",Housing ø270 / ø456 - Filling Turbine,GENERIC,154.95,"=""4126833""",105.27
"=""BMR-775240""",Kluge & Neumann Drive Pulley ø112.0x1000 Lag ø40,KLUGE & NEUMANN,68.95,"=""775240""",46.06
"=""BMR-775251""",Kluge & Neumann Tail (Bend) Pulley ø112.0x1000 Lag ø40,KLUGE & NEUMANN,59.95,"=""775251""",40.65
"=""BMR-10016532""",Lenze Motor M55BP090M045E0EWC + Inverter E84DGDVB11242PS 1.1kW,LENZE,320.95,"=""M55BP090M045E0EWC""",205.93
"=""BMR-10016473""",Lenze 3-phase Motor M55BP090M045E0EWC 1.1kW + Inverter E84DGFCGFJPX201,LENZE,320.95,"=""E84DGFCGFJPX201""",205.93
"=""BMR-10016638""",Lenze 3-phase Motor M55BP100M045E0EUC 2.2kW + Inverter E84DGDVB2224PS,LENZE,374.95,"=""E84DGDVB2224PS""",241.12
"=""BMR-312912""",Worm Bearing Shell ø 60.0,GENERIC,86.95,"=""312912""",58.2
"=""BMR-309570""",Worm-gear Drive m=5 i=30:1,GENERIC,225.95,"=""309570""",153.96
"=""BMR-309568""",Worm-gear Drive m=5 i=30:1,GENERIC,256.95,"=""""",174.8
"=""BMR-4129461""",Helical Gear m=5 Z=100 ZB=50,GENERIC,293.95,"=""4129461""",200.16
"=""BMR-42630""",Drill bit ø25.5 mm Iscar,GENERIC,10.95,"=""42630""",7.2
"=""BMR-9009873""",5X Rubber cone G 1 1/4 - G 1 1/2,GENERIC,0.99,"=""9009873""",0.1
"=""BMR-760745""","Duerr Compressor System B-025/0536 1100 230V 0,28kW 10bar",DÜRR,176.95,"=""B-025""",120.0
"=""BDK-164A347""",Lenze Voltage Regulator 483ESO / 327678 3x390V,LENZE,839.95,"=""""",450.0
"=""PMT-GMXA1604PVT""",Solenoid-driven Diaphragm Metering Pump - unused,PROMINENT,1600.00,"=""GMXA1604PVT""",995.87
"=""PMT-DFXAEU0730SPTR""",Peristaltic Dosing Pump - unused,PROMINENT,3539.95,"=""DFXAEU0730SPTR""",1782.53
"=""PMT-S3CBH120270PVTS""",Motor-Driven Diaphragm Metering Pump - unused,PROMINENT,6719.95,"=""S3CB""",4412.97
"=""PMT-DFYA084100RE1P""",Peristaltic Metering Pump - unused,PROMINENT,7529.95,"=""DFYA084100RE1P""",4952.09
"=""LNZ-16568448""",Lenze g500 Helical Geared Motor G50BH114MVBR2C00 / MCA13I34-RS0P4 2.2kW - unused,LENZE,829.99,"=""G50BH114MVBR2C00""",404.01
"=""LNZ-15800145""","Lenze g500-B110 Direct mounting Geared Motor G50BB111MHAR2C / MHEMAXX090-32C1C 1,5kW - unused",LENZE,449.99,"=""G50BB111MHAR2C""",219.17
"=""LNZ-13567065""",Lenze Servo Drive E94ASHE0244 11kW,LENZE,3499.95,"=""E94ASHE0244""",335.18
"=""LNZ-15492016""","Lenze 3-Phase AC Asynchronous Motor MHEMAXX080-32C1C 0,75kW - unused",LENZE,448.95,"=""MHEMAXX080-32C1C""",222.46
"=""LNZ-15835127""",Lenze 3-Phase Motor MDEMABS100-32C1C 3kW - unused,LENZE,779.99,"=""MDEMABS10032C1C""",385.23
"=""LNZ-16325551""","Lenze MD 3-Phase AC Motor MDEMAIG063-42C1C 0,25kW - unused",LENZE,549.99,"=""MDEMAIG063""",274.25
"=""LNZ-16513948""","Lenze 3-Phase AC Motor MFEMABR071-32C1C 1,1kW - unused",LENZE,389.99,"=""MFEMABR071-32C1C""",192.35
"=""FAM-20064501""",1X Wago 750-425 2DI NAMUR  -  I/O System,WAGO,84.99,"=""750-425""",22.9
"=""FAM-20070619""",SIEMENS 6GK1503-2CB00  -  Optical Link Module PROFIBUS OLM/G11,SIEMENS,573.95,"=""6GK1503-2CB00""",104.61
"=""FAM-20068420""",SIEMENS 6GK1503-3CB00 -  Optical Link Module,SIEMENS,902.95,"=""6GK1503-3CB00""",61.06
"=""FAM-20116260""",SIEMENS 6SL3203-0BE32-5AA0  -  Sinamics Line Filter,SIEMENS,487.95,"=""6SL3203-0BE32-5AA0""",76.32
"=""FAM-20090786""",Turck RUC130-M30-LIAP8X-H1151  -  Ultrasonic Sensor,TURCK,677.95,"=""RUC130-M30-LIAP8X-H1151""",111.94
"=""FAM-20095297""",SIEMENS 6SL3224-0BE38-8UA0  -  Frequency Inverter,SIEMENS,8834.95,"=""6SL3224-0BE38-8UA0""",1460.5
"=""FAM-20100140""",Schneider Electric Analogue Output Module 140ACO02000C,SCHNEIDER ELECTRIC,914.95,"=""140ACO02000C""",195.99
"=""FAM-20100159""",Schneider Electric Analog Input Module 140ARI03010C,SCHNEIDER ELECTRIC,1219.95,"=""140ARI03010C""",245.65
"=""FAM-20101371""",Schneider Electric Adaptor Module 140CRA93200C,SCHNEIDER ELECTRIC,731.95,"=""140CRA93200C""",245.65
"=""FAM-20101365""",Schneider Electric RIO head-end adaptor Module 140CRP93200C,SCHNEIDER ELECTRIC,1523.95,"=""140CRP93200C""",260.14
"=""FAM-20100142""",Schneider Electric discrete output module 140DAO84000C,SCHNEIDER ELECTRIC,529.95,"=""140DAO84000C""",128.63
"=""FAM-20100143""",Schneider Electric Discrete Output Module 140DAO85300C,SCHNEIDER ELECTRIC,914.95,"=""140DAO85300C""",187.58
"=""FAM-20107801""",SIEMENS 6SL3055-0AA00-4CA5  -  SINAMICS Operator Panel,SIEMENS,610.95,"=""6SL3055-0AA00-4CA5""",58.87
"=""FAM-20132735""",SIEMENS JJY:023434020001  -  Braking Resistor,SIEMENS,427.95,"=""JJY023434020001""",59.99
"=""FAM-20102193""",GE FANUC IC694BEM331C  -  Genius Bus Controller,FANUC,1599.99,"=""K530207""",273.73
"=""FAM-20095291""",SIEMENS 6SL3000-0CE32-3AA0  -  Sinamics Line Reactor,SIEMENS,419.95,"=""6SL3000-0CE32-3AA0""",56.27
"=""FAM-20116263""",SIEMENS 6SL3000-2BE32-1AA0  -  Sinamics Motor Inductor,SIEMENS,962.95,"=""6SL3000-2BE32-1AA0""",120.53
"=""FAM-20140189""",WEG Explosion-proof Motor 00112ET3PCT145TF1-W2,WEG,299.99,"=""00112ET3PCT145TF1-W2""",46.3
"=""FAM-20125440""",SIEMENS 6SL3210-1PE22-7AL0  -  Frequency Inverter,SIEMENS,792.95,"=""6SL3210-1PE22-7AL0""",121.45
"=""FAM-20125278""",SIEMENS 6SL3210-1PE28-8AL0  -  Frequency Inverter,SIEMENS,2742.95,"=""6SL3210-1PE28-8AL0""",372.54
"=""FAM-20125591""",SIEMENS 6SL3210-1PE31-1AL0  -  Frequency Inverter,SIEMENS,3054.95,"=""6SL3210-1PE31-1AL0""",427.54
"=""FAM-20089113""",SIEMENS 6SL3225-0BH33-7AA1  -  Frequency Converter,SIEMENS,12149.95,"=""6SL3225-0BH33-7AA1""",958.32
"=""FAM-20127728""",Baumer Electric Absolute Encoder GXMMW A208EA2,BAUMER ELECTRIC,520.95,"=""A208EA2""",78.36
"=""FAM-20128681""",Schneider Electric Pelco Camera S6230-EG1,SCHNEIDER ELECTRIC,1804.95,"=""S6230EG1""",263.0
"=""FAM-20114355""",SIEMENS 6GK7542-5FX00-0XE0  -  Communications Processor,SIEMENS,677.95,"=""6GK7542-5FX00-0XE0""",54.9
"=""FAM-20111774""",Federal Signal Strobe Light 151XST-S120R Red,FEDERAL SIGNAL,474.95,"=""151XST-S120R""",78.41
"=""FAM-20070604""",SIEMENS 6SL3244-0BA20-1PA0  -  SINAMICS Control Unit,SIEMENS,1282.95,"=""6SL3244-0BA20-1PA0""",125.71
"=""FAM-42272""",SKF 23230 CCK/W33  -  Spherical roller bearing 150x270x96 mm,SKF,914.95,"=""23230-CCK-W33""",125.71
"=""FAM-20115190""",Schneider Electric LTMR08EFM Motor controller TeSys T-940487,SCHNEIDER ELECTRIC,356.95,"=""LTMR08EFM""",46.2
"=""FAM-20113864""",Parker Hydraulic D1VW030BNJW  -  Directional Control Valve,PARKER HYDRAULIC,81.95,"=""D1VW030BNJW""",43.4
"=""FAM-20094823""",SICK DL50-P1123  -  Sensor,SICK,316.95,"=""DL50P1123""",36.12
"=""FAM-20095177""",SIEMENS 6SL3040-1MA00-0AA0 -  Control Unit CU320-2 DP,SIEMENS,731.95,"=""6SL3040-1MA00-0AA0""",76.57
"=""FAM-20101440""",Federal Signal Horn 350WBX-120 Series A,FEDERAL SIGNAL,339.95,"=""350WBX-120""",51.9
"=""FAM-24000""",ZKL 23138 CCK/W33  -  Spherical roller bearing 190x320x104 mm,ZKL,731.95,"=""23138-CCK-W33""",106.52
"=""FAM-20100165""",Schneider Electric Racks backplane 140XBP01000C - 10 free slots,SCHNEIDER ELECTRIC,406.95,"=""140XBP01000C""",93.11
"=""FAM-20019552""",SIEMENS 6ES7331-1KF01-0AB0  -  Simatic Analog Input Module SM331,SIEMENS,510.95,"=""6ES7331-1KF01-0AB0""",76.68
"=""FAM-20036756""",SKF 23040-CC/W33  -  Spherical roller bearing 200x310x82 mm,SKF,792.95,"=""23040-CC-W33""",95.93
"=""FAM-20129651""",SIEMENS 6SL3202-0AE22-0SA0  -  Sinamics Sine-wave Filter,SIEMENS,243.95,"=""6SL3202-0AE22-0SA0""",41.98
"=""FAM-20048769""",Pepperl+Fuchs Rotation Speed Monitor KFU8-DW-1D,PEPPERL+FUCHS,203.95,"=""KFU8-DW-1D""",48.49
"=""FAM-20117120""",Allen Bradley 1756-IA16I ControlLogix Input Module,ALLEN BRADLEY,252.95,"=""1756-IA16I""",46.86
"=""FAM-20058143""",Pepperl+Fuchs Rotation Speed Monitor KFD2-DWB EX1D,PEPPERL+FUCHS,270.95,"=""KFD2-DWB EX1D""",52.97
"=""FAM-20039011""",Turck BIM-G18-Y1/S926  -  Proximity Switch Sensor,TURCK,113.95,"=""BIM-G18-Y1-S926""",15.77
"=""FAM-20101093""",Allen Bradley Power Supply 1606-XLDNET8,ALLEN BRADLEY,226.95,"=""1606-XLDNET8""",58.26
"=""FAM-18143""",ZKL 23226 CC/W33  -  Spherical roller bearing 130x230x80 mm,ZKL,333.95,"=""23226-CC-W33""",62.84
"=""FAM-20129464""",SIEMENS 6SE7022-6ES87-1FE0  -  Sinamics / Simovert Output Reactor,SIEMENS,498.95,"=""6SE7022-6ES87-1FE0""",62.02
"=""FAM-16956""",SKF 23134 CCK/W33  -  Spherical roller bearing 170x280x88,SKF,792.95,"=""23134CCK-W33""",60.73
"=""FAM-20132589""",Siemens 3SK1121-1CB42 - SIRIUS Safety Relay,SIEMENS,654.95,"=""3SK1121-1CB42""",58.31
"=""FAM-16330""",ZKL 23222 CC/W33  -  Spherical roller bearing 110x200x69.8 mm,ZKL,305.95,"=""23222-CC-W33""",54.54
"=""FAM-20087795""",Siemens  6SL3255-0AA00-4HA0  -  Handheld Unit for IOP,SIEMENS,341.95,"=""6SL3255-0AA00-4HA0""",49.01
"=""FAM-20065677""",Schneider Electric Rope Pull Switch XY2CE2A250,SCHNEIDER ELECTRIC,158.95,"=""XY2CE2A250""",44.42
"=""FAM-20044826""",Phoenix Contact MINI MCR-2-F-UI Frequency Transducer,PHOENIX CONTACT,189.99,"=""MINI MCR-2-F-UI""",48.51
"=""FAM-20065676""",Schneider Electric Emergency Stop Rope Pull Switch XY2CE1A250,SCHNEIDER ELECTRIC,101.95,"=""XY2CE1A250""",29.66
"=""FAM-20114344""",SIEMENS 6ES7136-6BA00-0CA0  -  Electronics Input Module,SIEMENS,374.95,"=""6ES7136-6BA00-0CA0""",45.37
"=""FAM-20026937""",STEYR 23032 CC/W33  - Spherical roller bearing 160x240x60 mm,STEYR,366.95,"=""23032-CC-W33""",43.01
"=""FAM-20066702""",Roller Bearing 23132 CCK/W33,GENERIC,438.95,"=""23132 CCK/W33""",42.82
"=""FAM-20134051""",SIEMENS 6ES7954-8LE03-0AA0 - Simatic Memory Card,SIEMENS,135.95,"=""6ES7954-8LE03-0AA0""",23.15
"=""FAM-12798""",SKF SNL 526  -  Split plummer (pillow) block housing 24 mm,SKF,339.95,"=""SNL526""",41.31
"=""FAM-20127738""",BUSSMANN 170M8611  -  Fuse 1100A 1000V 3BKN/75,BUSSMANN,187.99,"=""170M8611""",38.01
"=""FAM-20099763""",Allen Bradley 1492-CABLE025Z,ALLEN BRADLEY,203.95,"=""1492-CABLE025Z""",20.86
"=""FAM-20018832""",IFM DI0001 DIA2010-ZROA -  Speed Sensor,IFM EFECTOR,203.95,"=""DI0001""",26.0
"=""FAM-20116136""",Schneider Electric Rotation Monitoring Sensor XSAV12373EX,SCHNEIDER ELECTRIC,102.95,"=""XSAV12373EX""",15.16
"=""FAM-53553""",SKF 22318 E  -  Spherical roller bearing 90x190x64 mm,SKF,214.95,"=""22318 E""",31.97
"=""FAM-20111484""",Schneider Electric Limit Switch XCKJ390541H29EX,SCHNEIDER ELECTRIC,135.95,"=""XCKJ390541H29EX""",9.41
"=""FAM-20042962""",Baumer Electric Absolute Encoder GXMMW B203P33,BAUMER ELECTRIC,340.95,"=""B203P33""",53.17
"=""FAM-20039740""",Baumer Electric Absolute Encoder GXMMW A203P33,BAUMER ELECTRIC,412.95,"=""A203P33""",61.01
"=""FAM-20088549""",Thermo Ramsey Tilt Sensor Probe 20-59-NM-25 mercury free,THERMO RAMSEY,334.95,"=""2059NM25""",22.9
"=""FAM-20075460""",Thermo Ramsey 20-59-NM-75  -  Tilt Sensor Probe,THERMO RAMSEY,339.95,"=""092215-20-59-NM-75""",25.39
"=""FAM-20083655""",Pepperl+Fuchs Frequency Converter with Direction and Synchronization Monitor KFU8-UFT-2.D,PEPPERL+FUCHS,339.95,"=""KFU8-UFT-2.D""",46.4
"=""FAM-20132737""",SIEMENS JJY:023424020001 -  Braking Resistor,SIEMENS,498.95,"=""JJY023424020001""",45.18
"=""FAM-20072641""",Hydac HDA 4744-A-400-104  -  Pressure Transmitter,HYDAC,339.95,"=""HDA4744A400104""",65.89
"=""FAM-20084506""","IFM DS2003  -  Monitor, Evaluation Unit",IFM EFECTOR,541.95,"=""DS2003""",82.02
"=""FAM-20039009""",Flender EWD 20-250 VUC  -  Rotational Speed Monitor,SIEMENS,677.95,"=""EWD-20-250-VUC""",71.54
"=""FAM-20052288""",Sensonics PZDC-56B05310  - Vibration Sensor,SENSONICS,303.95,"=""PZDC56B05310""",30.94
"=""FAM-20113558""",ABB EMERGI-LITE Exit Light EX10W-P4/1LA,ABB,154.99,"=""EX10W-P4/1LA""",23.15
"=""FAM-20117422""",ABB TTH300-Y0/OPT  -  Temperature Transmitter,ABB,306.95,"=""TTH300-Y0-OPT""",50.32
"=""FAM-20109719""",Baumer Electric Inclination Sensor GNAMG 0213P32,BAUMER ELECTRIC,474.95,"=""GNAMG0213P32""",58.16
"=""FAM-20101443""",Conveyor Components DBX-100  -  Damaged Belt Detector Unit 250VAC,CONVEYOR COMPONENTS,305.95,"=""DBX100""",40.6
"=""FAM-20055172""",BIKON 1006  -  Locking Assembly 220X285,BIKON,117.95,"=""1006-220-285""",21.98
"=""FAM-20124520""",Pepperl+Fuchs Ultrasonic Sensor UB6000-F42-I-V15,PEPPERL+FUCHS,216.95,"=""UB6000-F42-I-V15""",42.43
"=""FAM-20050605""",Conveyor Components DB-100  -  Damaged Belt Detector Unit 250VAC,CONVEYOR COMPONENTS,340.95,"=""DB-100""",41.26
"=""FAM-20111793""",Pepperl+Fuchs Switch Amplifier KFA5-SOT2-EX2,PEPPERL+FUCHS,203.95,"=""KFA5-SOT2-EX2""",38.21
"=""FAM-20064819""",Carlo Gavazzi Transceiver G34404443230,CARLO GAVAZZI,239.95,"=""G34404443230""",15.26
"=""FAM-20005716""",Schaeffler Spherical Bearing GE160-UK-2RS,SCHAEFFLER GROUP,1079.95,"=""GE160-UK-2RS""",58.54
"=""FAM-20133241""",Mersen Ferraz Shawmut A100P100-4TA  -  Semiconductor Fuse 1000VAC,MERSEN FERRAZ SHAWMUT,270.95,"=""A100P100-4TA""",38.57
"=""FAM-20134426""",Endress+Hauser TMT121-A41BA - Temperature Transmitter iTEMP PCP,ENDRESS & HAUSER,203.95,"=""TMT121-A41BA""",34.75
"=""FAM-20098917""",Pepperl+Fuchs Inductive Sensor NRN75-FP-A2-P3-V1,PEPPERL+FUCHS,135.95,"=""NRN75-FP-A2-P3-V1""",26.05
"=""FAM-20134831""",Phoenix Contact MINI MCR-2-UNI-UI-2UI-C Signal duplicator,PHOENIX CONTACT,170.95,"=""MINI MCR-2-UNI-UI-2UI-C""",26.46
"=""FAM-20048704""",Kiepe PRS101  -  Pull-rope Emergency Stop Switch,KIEPE,339.95,"=""PRS101""",28.19
"=""FAM-20051967""",Federal Signal Horn 350WB-120 VAC Series A,FEDERAL SIGNAL,142.97,"=""350WB-120""",22.9
"=""FAM-20119431""","Eaton Crouse-Hinds TECK200 15 PVC  -  Cable Gland 2"" NPT",EATON,104.95,"=""TECK200-15PVC""",16.64
"=""FAM-20127114""",Turck MK13-P-EX0/24VDC  -  Isolating Switching Amplifier,TURCK,167.95,"=""MK13PEX024VDC""",22.85
"=""FAM-20127595""",Pepperl+Fuchs Sensor NJ10-30GK-SN-10M,PEPPERL+FUCHS,63.95,"=""NJ10-30GK-SN-10M""",23.35
"=""FAM-20133446""",JUMO 902230  -  Mineral-Insulated RTD Temperature Probe,JUMO,131.95,"=""902230""",12.67
"=""FAM-20133242""",Mersen Ferraz Shawmut AOS-S  -  Add-on Switch,MERSEN FERRAZ SHAWMUT,68.95,"=""X203386-AOS-S""",6.87
"=""FAM-20068284""",SKF PWKRE 80.2RS  -  Cam follower (stud-type track roller) with eccentric collar,SKF,135.95,"=""PWKRE-80-2RS""",29.97
"=""FAM-20134084""",Allen Bradley Safety Limit Switch 440P-MMHB22M9,ALLEN BRADLEY,135.95,"=""440P-MMHB22M9""",10.28
"=""FAM-20072642""",Eaton Vickers SBV11-8-C-0-240AGP  -  Solenoid Valve,EATON,81.95,"=""SBV11-8-C-0-240AGP""",10.18
"=""FAM-20082982""",Pepperl+Fuchs Inductive Sensor NBB20-U1K-E2-3G-3D,PEPPERL+FUCHS,68.95,"=""NBB20-U1K-E2-3G-3D""",9.92
"=""FAM-20056111""",Schneider Electric F Connector cassette for RG-6 cable MA0329001,SCHNEIDER ELECTRIC,116.95,"=""MA0329001""",15.16
"=""FAM-20006298""",SKF Roller Bearing 24024 CC/W33,SKF,337.95,"=""24024 CC/W33""",26.46
"=""FAM-29256""",SKF AH24128  -  Withdrawal sleeve 135 mm Bore,SKF,191.95,"=""AH24128""",27.06
"=""FAM-20060255""",Schneider Electric Inductive Proximity Sensor XSAV11373EX,SCHNEIDER ELECTRIC,81.95,"=""XSAV11373EX""",7.89
"=""FAM-20052048""",Schneider Electric Empty Control Station XALD04H7,SCHNEIDER ELECTRIC,18.95,"=""XALD04H7""",3.56
"=""FAM-20021624""",SKF AHX 3230 G  -  Withdrawal sleeve 145 mm Bore,SKF,191.95,"=""AHX3230G""",24.81
"=""FAM-12345""",STEYR 22220 EK  -  Spherical roller bearing 100x180x46 mm,STEYR,122.95,"=""22220-EK""",24.44
"=""FAM-20012381""",Siemens 3RV1031-4FA10  -  Circuit Breaker,SIEMENS,171.95,"=""3RV1031-4FA10""",24.44
"=""FAM-53603""",Werma Signal Horn 57005268,WERMA,82.99,"=""57005268""",9.26
"=""FAM-20138691""",Turck BI20U-M30-VP6X 7M  -  Inductive Sensor,TURCK,68.95,"=""4047101396010""",9.11
"=""FAM-12620""",SKF 22219EK  -  Spherical roller bearing 95x170x43 mm,SKF,143.95,"=""22219EK""",23.44
"=""FAM-20056732""",Hydac 0210 R 005 BN4HC  -  Filter Element 1280884,HYDAC,135.95,"=""1280884""",7.38
"=""FAM-20134338""",UVEX Safety Boots S3 Size 39,UVEX,104.99,"=""04031101616353""",5.09
"=""FAM-20134340""",UVEX Safety Boots S3 Size 41,UVEX,94.99,"=""04031101616377""",5.09
"=""FAM-20134339""",UVEX Safety Boots S3 Size 40,UVEX,94.99,"=""04031101616360""",5.09
"=""FAM-20134347""",UVEX Safety Shoe S3 SRC Size 39,UVEX,84.99,"=""04031101616179""",5.09
"=""FAM-20134355""",UVEX Safety Shoes S3 SRC Size 47,UVEX,74.99,"=""04031101616254""",5.09
"=""FAM-20134349""",UVEX Safety Shoes S3 SRC Size 41,UVEX,84.99,"=""04031101616193""",5.09
"=""FAM-20058939""",SKF TSN 232 S  -  Labyrinth seal 210x175x27 mm,SKF,270.95,"=""TSN232S""",6.87
"=""FAM-20058965""",SEW Eurodrive BMH 1.5  -  Brake Rectifier,SEW EURODRIVE,108.95,"=""BMH1-5""",15.21
"=""FAM-20043448""",WERMA 82830068  -  Flashing Beacon Light 230VAC,WERMA,108.95,"=""82830068""",9.11
"=""FAM-12618""",ZKL 22216EW33J  -  Spherical roller bearing 140x80x33 mm,ZKL,49.95,"=""22216E""",20.85
"=""FAM-20111483""",Pepperl+Fuchs Inductive Sensor NCN15-M1K-N0,PEPPERL+FUCHS,68.95,"=""NCN15-M1K-N0""",8.9
"=""FAM-42287""",Turck NI10-G18SK-AZ3X  -  Inductive Sensor,TURCK,135.95,"=""NI10-G18SK-AZ3X""",15.21
"=""FAM-20090836""",Schmersal Z4V7H 335-11Z-1637/2138  -  Position Switch,SCHMERSAL,40.95,"=""Z4V7H-335-11Z-1637-2138""",7.12
"=""FAM-20097488""",SEW Eurodrive BE5B  -  Brake Disc 09113177,SEW EURODRIVE,234.95,"=""SEW-BE5B-09113177""",19.3
"=""FAM-20074297""",Allen Bradley 1787-PLUG10R,ALLEN BRADLEY,54.95,"=""1787-PLUG10R""",7.63
"=""FAM-20118427""",Portwest 5-IN-1 Yellow/Marine Size XL with FAM Logo,PORTWEST,74.99,"=""""",7.63
"=""FAM-20118428""",Portwest 5-IN-1 Yellow/Marine Size XXL with FAM Logo,PORTWEST,67.99,"=""""",7.63
"=""FAM-20118430""",Portwest 5-IN-1 Yellow/Marine Size M with FAM Logo,PORTWEST,89.99,"=""""",7.63
"=""FAM-20124849""",Portwest 5-IN-1 Yellow/Marine Size 3XL with FAM Logo,PORTWEST,64.99,"=""""",7.63
"=""FAM-20111529""",Eaton Crouse-Hinds GHG2736000R0014  -  Light Switch,EATON,203.95,"=""GHG2736000R0014""",18.5
"=""FAM-20111528""",Eaton Crouse-Hinds GHG2734000R0004  -  Explosion-protected Disconnect Switch 16A,EATON,203.95,"=""GHG2734000R0004""",18.36
"=""FAM-20063389""",SEW Eurodrive USB-11A  -  Interface Adapter,SEW EURODRIVE,203.95,"=""USB-11A""",17.35
"=""FAM-20066055""",IFM IIM203  -  Inductive Sensor,IFM,50.95,"=""IIM203""",6.11
"=""FAM-20114247""",Schneider Electric Inductive Proximity Sensor XS8C4A1MPG13,SCHNEIDER ELECTRIC,43.95,"=""XS8C4A1MPG13""",7.89
"=""FAM-20092883""",Lovato GX32 56 U - Rotary Cam Switch,LOVATO,65.99,"=""8013975103982""",7.58
"=""FAM-20047201""",VIPA 972-ODP10  -  Profibus Connector 90 Degrees,VIPA,90.95,"=""972ODP10""",6.87
"=""FAM-20108544""",SIEMENS 6ES7132-6HD00-0BB0  -  Relay Module,SIEMENS,109.95,"=""6ES71326HD000BB0""",14.59
"=""FAM-20099221""",Siemens 3RV2011-1AA15  -  Circuit breaker,SIEMENS,59.95,"=""3RV2011-1AA15""",9.16
"=""FAM-53053""",Schmersal TVH335-01/01Z-M20  -  Position Switch with safety function,SCHMERSAL,81.95,"=""TVH335-01-01Z-M20""",10.13
"=""FAM-20099302""",Siemens Circuit Breaker 3RV2011-1HA15,SIEMENS,56.99,"=""3RV2011-1HA15""",6.36
"=""FAM-20069655""",Siemens Emergency Button 3SB3801-2EF3-Z,SIEMENS,115.99,"=""3SB3801-2EF3-Z""",6.11
"=""FAM-20075344""",Siemens Circuit Breaker 5SY4310-7,SIEMENS,38.99,"=""5SY4310-7""",5.04
"=""FAM-20011131""",SKF GE 120 ES-2RS  -  Radial Spherical Plain Bearing 120x180x85 mm,SKF,337.95,"=""GE-120-ES-2RS""",13.04
"=""FAM-20005868""",Schneider Electric Inductive Sensor XS7C40PC440TF,SCHNEIDER ELECTRIC,239.99,"=""XS7C40PC440TF""",11.01
"=""FAM-20134062""",Allen Bradley ControlLogix Terminal Block Spring Clamp 1756 TBSH,ALLEN BRADLEY,45.95,"=""1756-TBSH""",2.49
"=""FAM-20084585""",Schneider Electric Inductive Proximity Sensor XS530BLPAL2,SCHNEIDER ELECTRIC,18.95,"=""XS530BLPAL2""",1.48
"=""FAM-20132752""",Siemens 3SU1801-0NA00-2AC2  -  Enclosure Plastic for EMERGENCY STOP Button,SIEMENS,35.95,"=""3SU1801-0NA00-2AC2""",3.05
"=""FAM-20085872""",SKF LAGD 125/EM2  -  Automatic Lubricator (System 24),SKF,40.95,"=""LAGD-125-EM2""",1.98
"=""FAM-23947""",Schaeffler Tension Bearing RTUEY 30 KOMPL,SCHAEFFLER GROUP,44.95,"=""RTUEY30""",2.49
"=""FAM-20099316""",Siemens 3RT2023-1AN24  -  Power Contactor,SIEMENS,24.95,"=""3RT2023-1AN24""",1.48
"=""FAM-20042994""",ELGES Spherical Bearing GE 50UK-2RS,ELGES,47.95,"=""GE50-UK-2RS""",9.26
"=""FAM-20112615""",SIEMENS 6ES7972-0BA42-0XA0  -  Connection Plug for PROFIBUS,SIEMENS,32.95,"=""6ES7972-0BA42-0XA0""",1.27
"=""FAM-20074162""",SCHAEFFLER SL192305  - Cylindrical roller bearing 25x62x24 mm,SCHAEFFLER GROUP,92.95,"=""SL192305""",7.58
"=""FAM-20014161""",SIEMENS Simatic Bus Connector 6ES7972-0BA41-0XA0,SIEMENS,24.95,"=""6ES7972-0BA41-0XA0""",0.97
"=""FAM-20069909""",Schneider Electric Sensor XS1N18PB349D,SCHNEIDER ELECTRIC,27.95,"=""XS1N18PB349D""",1.48
"=""FAM-25860""",Safety boots with zipper S3 Size 45,GEIKE,54.99,"=""""",2.49
"=""FAM-25855""",Work safety boots with zipper S3 Size 40,GEIKE,56.99,"=""""",2.49
"=""FAM-25861""",Work safety boots with zipper S3 Size 46,GEIKE,51.99,"=""""",2.49
"=""FAM-20109782""",Eaton Crouse-Hinds ADE4F M32 CAP846894  -  Cable Gland,EATON,40.95,"=""CAP846894""",2.49
"=""FAM-20022821""","Lapp Cable Gland SKINTOP MS-M 63X1,5",LAPP,63.95,"=""53112070""",1.02
"=""FAM-25583""",DESCH 3535-80 Taper-Bush,DESCH,40.95,"=""3535-80""",5.04
"=""FAM-20113659""",Rittal 5050 063  -  TS Mounting Panel Fixing Kit,RITTAL,135.95,"=""5050063""",7.58
"=""FAM-20047202""",Helukabel 803208  -  Profibus-axial-SK Connection Plug,HELUKABEL,68.95,"=""803208""",1.27
"=""FAM-20120257""","LAPP Cable Gland SKINTOP MS-M BRUSH 50X1,5",LAPP,54.95,"=""53112500""",1.27
"=""FAM-20090840""","LAPP Cable Gland M50X1,5 25057dp40",LAPP,45.95,"=""25057dp40""",1.98
"=""FAM-27004043""",SKF 61910-2RS1  -  Deep groove ball bearing 50x72x12 mm,SKF,25.95,"=""61910-2RS1""",1.68
"=""FAM-20013631""",FAG TSN 516 S  -  Labyrinth Seal,FAG,34.95,"=""TSN516S""",5.34
"=""FAM-26186""",Qualitex 103016 Pilot Jacket Marine Blue size:XXL with FAM logo,QUALITEX,26.99,"=""103016""",1.53
"=""FAM-20000348""",Qualitex Pilot Jacket Blue Size XL with FAM logo,QUALITEX,24.99,"=""103016""",1.53
"=""FAM-26187""",Qualitex 103016 Pilot Jacket Marine Blue size:XXXL with FAM logo,QUALITEX,21.99,"=""103016""",1.53
"=""FAM-20082068""",SIEMENS Connection Plug 6ES7972-0BB52-0XA0,SIEMENS,27.95,"=""6ES7972-0BB52-0XA0""",1.27
"=""FAM-20056657""",SKF 22207-EK  -  Spherical roller bearing 35x72x23 mm,SKF,45.95,"=""22207-EK""",2.8
"=""FAM-18140""",SKF TSN 226 A  -  V-ring seal 177.5x145x16.3 mm,SKF,68.95,"=""TSN 226-A""",2.54
"=""FAM-20106253""",INTERMATIC Metal Stem Mount Thermal Photocontrol K4421M,INTERMATIC,27.95,"=""K4421M""",1.02
"=""FAM-20086905""",Weidmuller Relay module MCZ R 24VUC,WEIDMUELLER,18.95,"=""4008190213060""",1.02
"=""FAM-20060683""",SNR 2208 E-2RS1TN9  - Self-aligning ball bearing 80x40x23 mm,SNR,17.95,"=""2208-E-2RS1TN9""",1.27
"=""FAM-20096851""",SKF Lock Nut with metric threads KM19 DIN981 11H,SKF,37.99,"=""KM19 DIN981 11H""",1.53
"=""FAM-20035048""","4X BINDER 99-1436-812-05 M12-A Female cable connector, shieldable, screw clamp, IP67",BINDER,18.95,"=""99-1436-812-05""",3.04
"=""FAM-20070622""",SIEMENS 6SL3255-0AA00-2AA1 - SINAMICS PC-Inverter Connection Kit,SIEMENS,22.95,"=""6SL3255-0AA00-2AA1""",2.54
"=""FAM-20015501""",Siemens 3SB3801-0DD3 - Enclosure For Command Devices 22MM,SIEMENS,24.95,"=""3SB3801-0DD3""",1.53
"=""FAM-20120181""",INTERMATIC Stem Mount Thermal Photocontrol K4121C,INTERMATIC,19.95,"=""K4121C""",0.76
"=""FAM-20057610""",Schneider Electric XB4BVB4 Red Pilot light Harmony XB4,SCHNEIDER ELECTRIC,11.95,"=""XB4BVB4""",0.97
"=""FAM-20138789""",SIEMENS 6GK1901-1BB20-2AB0  -  Industrial Ethernet FastConnect RJ45 Plug 90,SIEMENS,18.95,"=""6GK1901-1BB20-2AB0""",2.54
"=""FAM-20138790""",SIEMENS 6GK1901-1BB10-2AB0  -  Industrial Ethernet FastConnect RJ45 Plug 180,SIEMENS,20.95,"=""6GK1901-1BB10-2AB0""",0.76
"=""FAM-20101407""",SKF LAPF F1/4  -  Tube Connection G1/4 8mm,SKF,14.95,"=""LAPF-F1-4""",1.53
"=""FAM-20060688""",STEYR 6213-2RS1  -  Deep groove ball bearing 65x120x23 mm,STEYR,17.95,"=""6213-2RS1""",2.04
"=""FAM-24004""",SKF FRB 10/320  -  Locating Ring 300x320x10,SKF,45.95,"=""FRB 10-320""",2.04
"=""FAM-20035049""","4X BINDER 99-1437-812-05 M12-A Male cable connector shieldable screw clamp, IP67",BINDER,18.95,"=""99-1437-812-05""",3.04
"=""FAM-20088149""",INA K89310-TV/0-8  - Axial cylindrical roller,INA,38.99,"=""0012728299064""",3.84
"=""FAM-20037954""",Phoenix Contact SACC-M12MSB-5CON-PG9 SH AU - Data connector,PHOENIX CONTACT,20.95,"=""SACC-M12MSB-5CON-PG9-SH-AU""",0.76
"=""FAM-20131924""","WEIDMUELLER TOS 24VDC/230VAC 0,1A  -  TERMOPTO Solid-state relay",WEIDMUELLER,27.95,"=""4032248741892""",1.53
"=""FAM-20072639""",BELDEN Valve Connector GDML 2016 LED 230 YE,BELDEN HIRSCHMANN,12.95,"=""GDML2016LED230YE""",1.02
"=""FAM-20093470""",SIEMENS 6SL3255-0AA00-2CA0  -  SINAMICS PC-Inverter Connection Kit USB Cable,SIEMENS,25.95,"=""6SL3255-0AA00-2CA0""",2.54
"=""FAM-16964""",SKF ASNH 528 - Polypropylene end cover 188.8x6 mm,SKF,34.95,"=""ASNH528""",1.02
"=""FAM-20081501""",Roxtec CM Module 40 10-32,ROXTEC,15.95,"=""C000140101000""",0.76
"=""FAM-47235""",STORCH Adhesive Tape 50mm,STORCH,9.95,"=""""",0.25
"=""FAM-20076841""",Sign E01R Escape Route Right 300 x 150 mm,GENERIC,6.99,"=""E01R""",0.51
"=""FAM-20076843""",Sign E01L Escape Route Left 300 x 150 mm,GENERIC,6.99,"=""E01L""",0.51
"=""FAM-25813""",SKF KM15  -  Lock Nut with metric threads DIN981 11H,SKF,20.95,"=""KM15""",1.02
"=""FAM-16971""",SKF FRB 10/370  -  Locating Ring 350x370x10 mm,SKF,54.95,"=""FRB 10/370""",2.53
"=""FAM-16117""",STEYR 6212-RS1  -  Deep groove ball bearing 60x110x22 mm,STEYR,17.95,"=""6212-RS1""",2.04
"=""FAM-24005""",Locating (stabilizing) ring FRB 10/400,GENERIC,29.99,"=""FRB 10-400""",2.43
"=""FAM-20093981""",UVEX Goggles Supravision Sapphire 9161005,UVEX,7.99,"=""9161005""",0.76
"=""FAM-9258559""",Prohibition No Access Sign Sticker,GENERIC,9.99,"=""""",0.51
"=""FAM-20072133""",HFB FRB 13.5/200  -  Locating Ring,HFB,29.99,"=""7316577017536""",1.02
"=""FAM-20021626""",SEW Eurodrive BME 1.5  -  Motor Brake Rectifier,SEW EURODRIVE,68.95,"=""BME 1-5""",1.74
"=""FAM-12801""",SKF ASNH 526 -  Polypropylene End Cover 178.6 x 6 mm,SKF,20.95,"=""ASNH526""",1.02
"=""FAM-21565""",Schuberth Safety Helmet EuroGuard 4 White with FAM logo,SCHUBERTH,7.99,"=""""",0.76
"=""FAM-3321""",SKF 51105  - Thrust ball bearing 25x11x42 mm,SKF,10.95,"=""51105""",1.02
"=""FAM-41449""",SKF 6006-2RS1  -  Deep groove ball bearing 30x55x13 mm,SKF,8.95,"=""6006-2RS1""",0.51
"=""FAM-20979""",SKF 6305-2Z  -  Deep groove ball bearing 25x62x17 mm,SKF,9.95,"=""6305-2Z""",1.18
"=""FAM-20128903""",Roller Bearing 6212-2RS1,GENERIC,11.95,"=""6212-2RS1""",0.76
"=""FAM-20057269""",Sign Escape Route Downwards to the Left,GENERIC,9.99,"=""""",0.51
"=""FAM-20057270""",Sign Escape Route Downwards to the Right,GENERIC,9.99,"=""""",0.51
"=""FAM-20013788""",2X Allen Bradley Connection Plug 1786-BNCP,ALLEN BRADLEY,10.95,"=""1786-BNCP""",0.25
"=""FAM-20091453""",2X Wear Head Protection Sign M014,GENERIC,9.99,"=""M014""",1.02
"=""FAM-25626""",Uvex Safety Glasses x-one 9170,UVEX,11.99,"=""9170""",0.76
"=""FAM-20132610""",Siemens 3SU1400-2AA10-1BA0  -  Contact Module,SIEMENS,9.95,"=""3SU1400-2AA10-1BA0""",0.76
"=""FAM-20087935""",Prohibition No Access Sign Sticker,GENERIC,9.99,"=""""",0.51
"=""FAM-20128473""",Siemens 3SU1400-1AA10-1BA0  -  Contact Module,SIEMENS,10.95,"=""3SU1400-1AA10-1BA0""",0.85
"=""FAM-20000712""",2x LOCTITE 401  -  Universal Instant Adhesive 20g,LOCTITE,22.95,"=""IDH1919341""",1.28
"=""FAM-20044052""","2x LOCTITE 2701  -  high strength, low viscosity threadlocking adhesive 10ml",LOCTITE,20.95,"=""LOCTITE-2701""",0.76
"=""FAM-52293""",LOCTITE 243  -  Medium Strength Threadlocking Adhesive 10ml,LOCTITE,10.95,"=""Loctite-243""",0.31
"=""FAM-11561""",LOCTITE 243  -  medium strength threadlocking adhesive 5ml,LOCTITE,8.95,"=""IDH-1370555""",0.25
"=""FAM-20100822""",Schneider Electric 140CPS11420C power supply module Modicon - 115 V/230V AC PLC,SCHNEIDER ELECTRIC,324.95,"=""205592""",7.63
"=""FAM-20101671""",Baumer Electric Encoder Absolute GK401 P17,BAUMER ELECTRIC,203.95,"=""GK401""",19.08
"=""FAM-20003678""",STEYR Spherical Bearing GE 260 ES-2RS,STEYR,3248.95,"=""GE260ES-2RS""",127.2
"=""FAM-20085890""",VEGA Capacitive Sensor VEGACAP 62 GXAGDRVMX,VEGA,452.95,"=""VEGACAP62""",12.72
"=""FAM-26629""",LOCTITE 270  -  High Strength Threadlocker Adhesive 50ml,LOCTITE,27.95,"=""LOCTITE-270""",1.02
"=""FAM-20025723""",SKF AOH 2356 G  -  Withdrawal sleeve 260 mm Bore,SKF,542.95,"=""AOH2356G""",25.44
"=""FAM-20102031""",Eaton Crouse-Hinds GFS1  -  Explosion-proof Ground Fault Circuit Interrupter,EATON,1015.95,"=""GFS1""",5.09
"=""FAM-20111797""",Kiepe Emergency Stop Rope Pull Switch HEN EX 003 2D,KIEPE,339.95,"=""HENEX0032D""",12.72
"=""FAM-20087983""",SKF OH 3048 H  -  Adapter sleeve 220 mm Bore,SKF,677.95,"=""OH3048H""",15.26
"=""FAM-20073152""",Schaeffler Spherical Bearing GE 140-AW,SCHAEFFLER GROUP,1709.95,"=""GE140-AW""",25.44
"=""FAM-20060272""",Kiepe Misalignment Switch HES EX 011 II 2D,KIEPE,339.95,"=""HESEX011II2D""",5.09
"=""FAM-20085387""",Schmersal T3Z 500 22yr KA665  -  Pull-wire emergency stop switch,SCHMERSAL,303.95,"=""T3Z-500-22yr-KA665""",5.09
"=""FAM-20113144""",Chromalox WR-80 Temperature Control Room Thermostat,CHROMALOX,224.99,"=""50015140""",1.27
"=""FAM-20091389""",FHF Crouse-Hinds AXL05  -  Yellow Sounder-Strobe-Combination 230VAC,FUNKE + HUSTER FERNSIG (FHF),189.95,"=""AXL05FHF22510703""",5.09
"=""FAM-20085388""",Schmersal ZV12H 500 11/11y 030/02  -  Misalignment Switch,SCHMERSAL,339.95,"=""ZV12H-500""",5.09
"=""FAM-20112020""",Norka Basel Lamp 520 620 Explosion Proof T8 64 W,NORKA,271.95,"=""520620""",5.09
"=""FAM-20043449""",Schaeffler Spherical Bearing GE 120-DO-2RS,SCHAEFFLER GROUP,337.95,"=""GE 120-DO-2RS""",5.09
"=""FAM-20091388""",FHF Crouse-Hinds AXL05  -  Red Sounder-Strobe-Combination 230VAC,FUNKE + HUSTER FERNSIG (FHF),189.95,"=""AXL05FHF22510702""",5.09
"=""FAM-20049985""",FAG Sensor PZS4.ML 28VDC,FAG,180.95,"=""PZS4ML""",5.09
"=""FAM-20111482""",FHF Crouse-Hinds EXL06  -  Ex Sounder-Strobe-Combination 230VAC Amber,FUNKE + HUSTER FERNSIG (FHF),1015.95,"=""EXL0622581703""",5.09
"=""FAM-20101029""",ABITRON Remote Controls Z100576.A-E434TR,ABITRON,599.99,"=""Z100576.A-E434TR""",5.09
"=""FAM-20049804""",PIAB PAXD-CDL10-CDS20  -  Electronic Unit 600kN,PIAB,180.95,"=""PAXD-CDL10-CDS20""",2.54
"=""FAM-20050200""",Gross Funk GF2000iV1 Radio System - 2 Transceivers,GROSS FUNK,677.95,"=""GF2000i234980""",12.72
"=""FAM-20050202""",Gross Funk Radio Control System - SE889K2 + GF2000iV1,GROSS FUNK,2031.95,"=""SE889K2-GF2000iV1""",12.72
"=""FAM-20064577""",Gross Funk GF2000iV1 Transceivers 474MHZ,GROSS FUNK,677.95,"=""GF2000i234979""",12.72
"=""FAM-20064578""",Gross Funk GF2000iV1 Transceiver 474.10MHZ,GROSS FUNK,677.95,"=""GF2000i234978""",12.72
"=""FAM-20064580""",Gross Funk GF2000iV1 Transceiver 474.40MHZ,GROSS FUNK,677.95,"=""GF2000i234965""",12.72
"=""FAM-20114308""",Gessmann Multi-axis Controller V64R/CR4298E,GESSMANN,999.99,"=""V64R/CR4298E""",224.96
"=""FAM-20124624""",United Electric Differential Pressure Switch 12SHSNK5M201QC1,UNITED ELECTRIC CONTROLS,2031.95,"=""12SHSNK5M201QC1""",204.45
"=""FAM-20120341""",Conveyor Components CT-201SGN  -  Mercury-free Tilt Probe with 16-3 SO Cable,CONVEYOR COMPONENTS,541.95,"=""CT-201SGN""",24.61
"=""FAM-20112118""",Palazzoli 464220EX - Tais-Ex Switched Socket 16A 2P+E,PALAZZOLI,379.95,"=""464220EX""",21.53
"=""FAM-20112119""",Palazzoli 464731EX - Tais-Ex Switched Socket 32A 3P+E,PALAZZOLI,406.95,"=""464731EX""",29.6
"=""FAM-20112114""",Palazzoli 474220 - Tais switched socket 16A 2P+,PALAZZOLI,270.95,"=""474220""",16.94
"=""FAM-20112117""",Palazzoli 467126EX - Tais-Ex Switched Socket 16A 2P+E,PALAZZOLI,339.95,"=""467126EX""",11.3
"=""FAM-20112113""",Palazzoli 509126 - TOPTER Wall-mounted Socket 16A 2P+,PALAZZOLI,14.95,"=""509126""",0.81
"=""FAM-20120721""",Emerson Rosemount Series 78 - RTD Temperature Sensor Assembly,EMERSON PROCESS MANAGEMENT,541.95,"=""0078D21N00N025E6""",30.47
"=""FAM-20113898""",Allen Bradley Ferraz Shawmut Current Limiting Power Fuse CS-3 Series,MERSEN FERRAZ SHAWMUT,374.99,"=""A055F1D0R0-65E""",30.04
"=""FAM-20080559""",SKF TSN 520 ND  -  SNL housing with taconite seals,SKF,171.95,"=""TSN-520-ND""",27.79
"=""FAM-20123974""",Bintec WLAN WI1003N,BINTEC,299.99,"=""WI1003N""",2.54
"=""FAM-20112019""",Norka Erfurt Lamp 44162V 1X58W,NORKA,216.95,"=""44162001-215826""",2.54
"=""FAM-20128743""",Planam Wizard jacket Grey/Black GR:XXL,GEIKE,44.99,"=""""",0.76
"=""FAM-20078848""",SKF TSN 524 ND - SNL housing with taconite seals,SKF,149.99,"=""TSN524 ND""",0.64
"=""FAM-20080836""",Hauff Segmento SEG 8/15 - Cable Entry System Insert,HAUFF,45.95,"=""4052487215473""",0.38
"=""FAM-20080837""",Hauff Segmento SEG 6/21 - Cable Entry System Insert,HAUFF,45.95,"=""4052487215466""",0.38
"=""FAM-20052290""",5x ABL SURSUM D31.27  -  ABL 17 Wall Socket 230V 16A IP67,ABL SURSUM,339.95,"=""D31S27""",31.25
"=""FAM-20079259""",Ganter GN227-1-200-V14-SW  -  Steel Plate Handwheel,GANTER,14.95,"=""GN227-1-200-V14-SW""",0.51
"=""FAM-20134418""",Phoenix Contact RC-Z2097  - Contact insertion and removal tool,PHOENIX CONTACT,41.95,"=""RC-Z2097""",0.64
"=""FAM-20110411""",Thermo Scientific SPS-2D-4X  -  Ramsey Pro-Line Safety Pull Switch,THERMO RAMSEY,304.95,"=""ROS2DSPS2DTPS2D""",2.54
"=""FAM-20114744""",EMERSON Rosemount TH43 - 5600 Series Radar Level Transmitter Head,EMERSON PROCESS MANAGEMENT,1804.95,"=""5600-153280134616""",5.09
"=""FAM-20082918""",IFM EFECTOR Vibration Diagnostic Unit VE113A,IFM EFECTOR,631.95,"=""VE113A""",15.26
"=""FAM-20128122""",VEGA Capacitive rope measuring probe CP65 XXKR1TAMX,VEGA,974.99,"=""XXKR1TAMX""",10.18
"=""FAM-20102220""",Eaton Crouse-Hinds AFA20  -  Conveyor Belt Alignment Switch,EATON,1082.95,"=""AFA20""",25.44
"=""FAM-20108783""",Mersen Ferraz Shawmut A480R4R-1  -  Current Limiting Fuse,MERSEN FERRAZ SHAWMUT,541.95,"=""A480R4R1""",6.36
"=""FAM-20135144""",Pepperl+Fuchs EJB8A Junction Box Ex d IIB / Ex tb IIIC Aluminum Enclosures,PEPPERL+FUCHS,406.95,"=""70118394""",10.18
"=""FAM-20107386""",HYBEC Clear Performance Lamp 120V 40W,HYBEC,19.95,"=""K8107251A""",0.25
"=""FAM-20117142""",HYDAC Hydraulic Spare part 8200931856,HYDAC,749.99,"=""8200931856""",23.91
"=""FAM-20112641""",Hydac HDA 4744-A-400-000  -  Pressure Transmitter,HYDAC,360.95,"=""HDA4744A400000""",65.89
"=""LNZ-13505802""",Lenze g500 Helical Geared Motor G50AH045MVBR2C / MDEMAXX071-42C0C 0.55kW,LENZE,599.99,"=""g500HMDEMAXX071""",144.24
"=""LNZ-13500518""",Lenze g500 Helical Geared Motor G50AH045MVCR2C / MDEMAXX063-42C0C 0.25kW,LENZE,524.99,"=""g500H45MDEMAXX06342C0C""",156.41
"=""LNZ-13462820""",Lenze g500 Helical Geared Motor G50AH045MVCK2C / MDEMAXX063-32C0C 0.18kW,LENZE,488.99,"=""g500H45MDEMAXX06332C0C""",135.56
"=""LNZ-13615032""",Lenze g500 AC Bevel Geared Motor G50AB045NHAR2C1A / SDSGAXX056-22 0.24kW,LENZE,839.99,"=""G500-B045-SDSGAXX056-22""",307.95
"=""LNZ-16432736""",Lenze g500 Bevel Geared Motor G50BB111MHAR2C00 / M55BP090M045E00CC 1.1kW,LENZE,669.99,"=""g500-B110-M55BP090M045E00CC""",248.59
"=""LNZ-13465972""",Lenze Inverter Drives 8400 BaseLine -  E84AVBCE3024SX0XX3A34,LENZE,659.99,"=""E84AVBCE3024SX0""",84.41
"=""LNZ-13465973""",Lenze Inverter Drives 8400 BaseLine -   E84AVBDE2224SX0XX3A34,LENZE,499.99,"=""E84AVBDE2224SX0""",74.46
"=""LNZ-13465984""",Lenze Inverter Drives 8400 BaseLine - E84AVBDE2222SX0XX3A34,LENZE,412.99,"=""E84AVBDE2222SX0""",47.99
"=""LNZ-13465999""",Lenze Inverter Drives 8400 BaseLine -  E84AVBCE1122SX0XX3A34,LENZE,499.99,"=""E84AVBCE1122SX0""",67.09
"=""LNZ-13466000""",Lenze Inverter Drives 8400 BaseLine -   E84AVBCE2512SX0XX3A34,LENZE,249.99,"=""E84AVBCE2512SX0""",32.5
"=""LNZ-13466001""",Lenze Inverter Drives 8400 BaseLine -    E84AVBCE3712SX0XX3A34,LENZE,494.99,"=""E84AVBCE3712SX0""",61.17
"=""LNZ-13466002""",Lenze Inverter Drives 8400 BaseLine - E84AVBCE5512SX0XX3A34,LENZE,297.99,"=""E84AVBCE5512SX0""",36.14
"=""LNZ-13466003""",Lenze Inverter Drives 8400 BaseLine - E84AVBCE7512SX0XX3A34,LENZE,359.99,"=""E84AVBCE7512SX0""",44.19
"=""LNZ-13466004""",Lenze Inverter Drives 8400 BaseLine -  E84AVBDE1122SX0XX3A34,LENZE,459.99,"=""E84AVBDE1122SX0""",59.89
"=""LNZ-13466007""",Lenze Inverter Drives 8400 BaseLine -   E84AVBDE5512SX0XX3A34,LENZE,399.99,"=""E84AVBDE5512SX0""",58.03
"=""LNZ-13466029""",Lenze Inverter Drives 8400 BaseLine -    E84AVBCE1124SX0XX3A34,LENZE,299.99,"=""E84AVBCE1124SX0""",46.27
"=""LNZ-13466030""",Lenze Inverter Drives 8400 BaseLine - E84AVBCE1524SX0XX3A34,LENZE,699.99,"=""E84AVBCE1524SX0""",75.74
"=""LNZ-13466039""",Lenze Inverter Drives 8400 BaseLine - E84AVBDE7514SX2XX3A34,LENZE,1399.99,"=""E84AVBDE7514SX2""",42.22
"=""LNZ-13466040""",Lenze Inverter Drives 8400 BaseLine -  E84AVBDE1124SX2XX3A34,LENZE,459.99,"=""E84AVBDE1124SX2""",58.5
"=""LNZ-13466305""",Lenze Inverter Drives 8400 BaseLine -  E84AVBCE7514SX0XX3A34,LENZE,459.99,"=""E84AVBCE7514SX0""",69.32
"=""LNZ-13467620""",Lenze Inverter Drives 8400 BaseLine -   E84AVBDE1524SX0XX3A34,LENZE,559.99,"=""E84AVBDE1524SX0""",68.51
"=""LNZ-13467622""",Lenze Inverter Drives 8400 BaseLine -    E84AVBDE7514SX0XX3A34,LENZE,949.99,"=""E84AVBDE7514SX0""",62.04
"=""LNZ-13472991""",Lenze Inverter Drives 8400 BaseLine - E84AVBDE1124SX2XX2D34,LENZE,495.99,"=""E84AVBDE1124SX2""",57.9
"=""FAM-2586""",Work safety boots with zipper S3 Size 45,GEIKE,54.99,"=""""",2.49
